Nombre,Dirección
Sucursales,
Jalisco,
INNOVA AGRO DE MICHOACAN,"Lázaro Cárdenas, 446, Col. Centro, Ario de Rosales, Michoacán"
INOCUITODO,"Las Américas, 410, Col. Los Fresnos, Ario de Rosales, Michoacán"
EL HUERTERO,"PLanillas, 1, Col. Morelos, Ario de Rosales, Michoacán"
ORO VERDE,"Boulevard Lázaro Cárdenas, 274, Col. Ario de Rosales, Ario de Rosales, Michoacán"
LA ARIENSE,"Abasolo, 74, Col. Centro, Ario de Rosales, Michoacán"
AGRINVE,"Boulevard Lázaro Cárdenas, 50, Col. Centro, Ario de Rosales, Michoacán"
JYD,"Ario de Rosales, Michoacán"
MI FERRETERIA TRUPER,"Boulevard Lázaro Cárdenas, 544, Col. Centro, Ario de Rosales, Michoacán"
FERREMATERIALES CARMONA,"Degollado, 166, Col. Centro, Ario de Rosales, Michoacán"
AGRO MARTZ,"Santa Clara del Cobre, Michoacán"
AGRO IN,"Generalísimo Morelos Poniente, 19, Col. Centro, Santa Clara del Cobre, Michoacán"
INNOVA AGRO DE MICHOACÁN,"Santa Clara del Cobre, Michoacán"
FERRETERÍA ISRAEL,"Condembaro, Michoacán"
FERRETERIA DON AGAPO,"Tancítaro, Michoacán"
GRUPO ARVIR,"Tancítaro, Michoacán"
NUTRI-O,"Tancítaro, Michoacán"
FERREMATERIALES MURILLO,"Morelos, 54, Col. 18 de Marzo, Tancítaro, Michoacán"
AGROQUIMICOS MI TIERRA,"Vistas del Valle, 60440, Col. Centro, Peribán, Michoacán"
AGROQUIMICOS PERIBAN,"Av. del Aguacate, 13, Col. Vistas del Valle, Peribán, Michoacán"
AGRUPE,"Carr. Peribán - Los Reyes, 1, Peribán, Michoacán"
FERTILIZANTES LA ABUNDANCIA,"Acuitzio, Michoacán"
AGRO RIQUEZAS DEL CANJE,"ibramiento Acuitzio - Villa MAdero, Col. Las Peñas, Acuitzio, Michoacán"
SISTEMAS Y REFACCIONES RAGA,"Carretera Tiripetío - Eréndira, 2926, Acuitzio, Michoacán"
AGROQUIMICOS URUAPAN DE VILLAMADERO,"Villa Madero, Michoacán"
INNOVA AGRO DE MICHOACAN,"Villa Madero, Michoacán"
AGRO IN,"Del Niño, 2153, Col. Jardines del Pedregal, Uruapan, Mchoacán"
FERREMAX,"Carretera Zamora - La Barca KM6.5, 3, Col. La Rinconada, Zamora, Michoacán"
LA CASA DEL AGRICULTOR,"San Juan, Michoacán"
INNOVA AGRO DE MICHOACAN,"Tacámbaro, Michoacán"
INNOVA AGRO DE MICHOACAN,"Tecario, Michoacán"
FERRETERIA EL NIPLE,"Ing. Rafael Urzúa Norte, Col. Aldama, Concepción Buenos Aires, Jalisco"
AGRO INSUMOS LA SIERRA,"Corona Oriente, 54, Col. Conepción Buenos Aires, Concepción Buenos Aires, Jalisco"
AGROFRUT,"rAFAEL bUENROSTRO, 12, Concepción Buenos Aires, Jalisco"
CARA RAYADA,"Concepción Buenos Aires, Jalisco"
AGROQUIMICOS DEL SUR,"Concepción Buenos Aires, Jalisco"
SERTI AGRI,"Del Ejercito, 310, Col. Polanco, Sayula, Jalisco"
AGROSERVICIOS LAGUNA PRODUCE,"General Ávila Camacho, 233, Col. Centro, Sayula, Jalisco"
AGRO TAPALPA,"Tapalpa, Jalisco"
CASA RAYADA,"Constitución, 303, Col. Centro, Cd. Guzmán, Jalisco"
SOLAGRIT,"Priferico Sur, 964, Cd. Guzmán, Jalisco"
AGROCHATOS,"Cd. Guzmán, Jalisco"
AGROFRUT,"Gobernador Alberto Cárdenas Jiménez, 946, Col. Tlayolan, Cd. Guzmán, Jalisco"
AGROFORESTAL MASVI,"Cd. Guzmán, Jalisco"
TC AGROASESORIAS,"Zapopan, Jalisco"
Sucursales,
AGRICOLA CHAVEZ,"TAPALPA , JALISCO"
FERRE-MALLAS,CONDEMBARO
AGROQUIMICOS ARES,PERIBAN
MAMSA,"Emiliano Zapata , 312, Col. Emiliano Zapata, Los Reyes , Michoacan"
MAMSA,"SAN JUAN , Michoacan"
MAMSA,"URUAPAN, Michoacan"
AGROSERVICIOS,"PROL. JUAREZ , 6, JALPA , ZACATECAS"
AGROSERVICIOS APOZOL,"CARRETERA GDL - SALTILLO , 122, APOZOL, ZACATECAS"
AGROSERVICIOS TABASCO,"CARRETERA GDL-SALTILLO, TABASCP, ZACATECAS"
AGROEQUIPOS,"KM 3 , Col. CONOCIDA LA COFRADIA , Los Reyes , Michoacan"
AGROMICH,"Blvd. Francisco J. Mujica , 510, Col. Centro, ARIO DE ROSALES , MICHOACAN"
AGRODIBAR,"Blvd. Lázaro Cárdenas, 204, Col. ARIO, ARIO DE ROSALES , MICHOACAN"
AGROMICH,"Salida a Buenavista km 1, Col. La Loma, PERIBAN, MICHOACAN"
AGROMICH,"Luis Donaldo Colosio Murrieta, 28, Col. CENTRO, TANCITARO, MICHOACAN"
AGROMICH,"Supermanzana Megabastos, Zamora , Michoacan"
AGRODIBAR,"Lib. Acuitzio del canje 6.5 Km Cerca de la escuela, Acuitzio, Michoacan"
JYCE,"Lib. Sur 67, Joyas de Cuinio, Tacambaro, Michoacan"
DM AGRO,"Tacambaro, Michoacan"
AGROPRODUCTOS DEL VALLE,"Lib. Sur, Joyas de Cuinio, Tacambaro, Michoacan"
EL MORENO AGRO,"Tacambaro, Michoacan"
AGROMICH,"Perif. Paseo de La República 550, Morelia , Michoacan"
AGROMICH,"Héctor Terán Pte. 10-A, Dámaso Cárdenas, Zitacuaro, Michoacan"
Ziracuaretiro,"Carretera Uruapan KM 16, SN, 61700 El Fresno, Ziracuaretiro, Michoacan"
AGROMICH,"12 de Diciembre 8, La Ermita, 59980 Tingüindín, Tinguindin, Michoacan"
AGROMICH,"Carr. Estatal el Grullo-Ciudad Guzman SN-KM 3.5, 49000, Cd Guzman, Jalisco"
AGROMICH,"Lib. Carretero 1496, Colinas del Rey, 63196 Tepic, Tepic, Nayarit"
AGROMICH,"Viñedos Cariñan #300-36 Viñedos San Marcos, 20907 Aguascalientes, Aguascalientes, Aguascalientes"
AGROMICH,"Av. Anastasio Brizuela 521, La Albarrada, 28077 Colima, Col., Colima, Colima"
